{"_timestamp":1.729162635176752e+09,"_runtime":924.512134,"_step":99979,"loss":6.292641639709473,"_wandb":{"runtime":924}}