{"_wandb":{"runtime":11},"loss":0.5138739347457886,"_timestamp":1.729166696103016e+09,"_runtime":11.838170999999999,"_step":1494}