{"_runtime":12.204084,"_step":1494,"_wandb":{"runtime":12},"loss":0.5138739347457886,"_timestamp":1.729166732428679e+09}