{"_step":1494,"_wandb":{"runtime":12},"loss":0.5138739347457886,"_timestamp":1.7291652392794921e+09,"_runtime":12.030731}