{"loss":0.5138739347457886,"_timestamp":1.7291664109974332e+09,"_runtime":11.438796,"_step":1494,"_wandb":{"runtime":11}}