{"_step":99979,"_wandb":{"runtime":813},"loss":NaN,"_timestamp":1.729092549134061e+09,"_runtime":813.677887}