{"_step":1494,"_wandb":{"runtime":11},"loss":0.5138739347457886,"_timestamp":1.729165791204063e+09,"_runtime":11.608849}