{"_wandb":{"runtime":11},"_runtime":11.460757,"_step":1494,"loss":0.5138739347457886,"_timestamp":1.7291662128468091e+09}