{"_step":1494,"loss":0.5138739347457886,"_wandb":{"runtime":11},"_timestamp":1.729166269781404e+09,"_runtime":11.064786}