{"_wandb":{"runtime":11},"loss":0.5138739347457886,"_timestamp":1.7291670699163e+09,"_runtime":11.650738,"_step":1494}