{"_wandb":{"runtime":720},"loss":NaN,"_timestamp":1.729174432443573e+09,"_runtime":720.083485,"_step":99979}