{"_step":1494,"_wandb":{"runtime":12},"loss":0.5138739347457886,"_timestamp":1.729165501240511e+09,"_runtime":12.292146}