{"_wandb":{"runtime":11},"loss":0.5138739347457886,"_timestamp":1.729166468928576e+09,"_runtime":11.52081,"_step":1494}