{"_runtime":11.008348,"_step":1494,"_wandb":{"runtime":11},"loss":0.5138739347457886,"_timestamp":1.7291671564502661e+09}